{
  "files": [
    {
      "filepath": "/home/kbroom/dev/ggallovalle/chante/packages/effext/benchmark/miette-handlers.bench.ts",
      "groups": [
        {
          "fullName": "benchmark/miette-handlers.bench.ts > miette handlers - medium",
          "benchmarks": [
            {
              "id": "1317604643_0_0",
              "name": "Graphical",
              "rank": 4,
              "rme": 9.55419929957382,
              "samples": [],
              "totalTime": 500.01628099999914,
              "min": 0.06112600000005841,
              "max": 12.82495300000005,
              "hz": 5361.825408241066,
              "period": 0.18650364826557222,
              "mean": 0.18650364826557222,
              "variance": 0.22158886207723813,
              "sd": 0.470732261564085,
              "sem": 0.009091290947075982,
              "df": 2680,
              "critical": 1.96,
              "moe": 0.017818930256268923,
              "p75": 0.18832799999995586,
              "p99": 0.48589300000003277,
              "p995": 0.6159800000000359,
              "p999": 10.369688999999994,
              "sampleCount": 2681,
              "median": 0.14079800000013165
            },
            {
              "id": "1317604643_0_1",
              "name": "OptimizedGraphical",
              "rank": 3,
              "rme": 6.442469016633858,
              "samples": [],
              "totalTime": 500.0317040000077,
              "min": 0.05174799999986135,
              "max": 8.510602000000063,
              "hz": 8607.454218542778,
              "period": 0.11617836988847763,
              "mean": 0.11617836988847763,
              "variance": 0.06276468510058923,
              "sd": 0.2505288109192019,
              "sem": 0.0038187527980078828,
              "df": 4303,
              "critical": 1.96,
              "moe": 0.00748475548409545,
              "p75": 0.12070999999991727,
              "p99": 0.2967940000000908,
              "p995": 0.3675180000000182,
              "p999": 5.130867999999964,
              "sampleCount": 4304,
              "median": 0.08966499999996813
            },
            {
              "id": "1317604643_0_2",
              "name": "Narratable",
              "rank": 2,
              "rme": 6.666761469444942,
              "samples": [],
              "totalTime": 500.04980000000387,
              "min": 0.04942299999993338,
              "max": 5.970691999999872,
              "hz": 10858.918451722124,
              "period": 0.0920902025782696,
              "mean": 0.0920902025782696,
              "variance": 0.05327756615533626,
              "sd": 0.23081933661488646,
              "sem": 0.0031323643584805455,
              "df": 5429,
              "critical": 1.96,
              "moe": 0.006139434142621869,
              "p75": 0.08205600000019331,
              "p99": 0.2338239999999132,
              "p995": 0.2893099999998867,
              "p999": 4.606239999999843,
              "sampleCount": 5430,
              "median": 0.07142550000003212
            },
            {
              "id": "1317604643_0_3",
              "name": "Json",
              "rank": 1,
              "rme": 6.294449618013475,
              "samples": [],
              "totalTime": 500.0221609999776,
              "min": 0.026160000000345462,
              "max": 5.482187999999951,
              "hz": 23422.961847486044,
              "period": 0.04269314899248443,
              "mean": 0.04269314899248443,
              "variance": 0.022016628908712064,
              "sd": 0.1483800151931252,
              "sem": 0.0013710707926915104,
              "df": 11711,
              "critical": 1.96,
              "moe": 0.0026872987536753603,
              "p75": 0.037221000000045024,
              "p99": 0.11406699999997727,
              "p995": 0.13853299999982482,
              "p999": 3.308064000000286,
              "sampleCount": 11712,
              "median": 0.03348399999958929
            }
          ]
        },
        {
          "fullName": "benchmark/miette-handlers.bench.ts > miette handlers - large",
          "benchmarks": [
            {
              "id": "1317604643_1_0",
              "name": "Graphical",
              "rank": 4,
              "rme": 7.144134178691239,
              "samples": [],
              "totalTime": 500.36952300000485,
              "min": 0.09736500000008164,
              "max": 9.062120999999934,
              "hz": 4398.749122056298,
              "period": 0.22733735711040656,
              "mean": 0.22733735711040656,
              "variance": 0.15112931676637872,
              "sd": 0.3887535424486557,
              "sem": 0.00828637032156016,
              "df": 2200,
              "critical": 1.96,
              "moe": 0.016241285830257912,
              "p75": 0.25189799999998286,
              "p99": 0.5919950000002245,
              "p995": 0.761185000000296,
              "p999": 7.076662999999826,
              "sampleCount": 2201,
              "median": 0.1683999999995649
            },
            {
              "id": "1317604643_1_1",
              "name": "OptimizedGraphical",
              "rank": 2,
              "rme": 6.397613821886925,
              "samples": [],
              "totalTime": 500.0698570000204,
              "min": 0.06926199999998062,
              "max": 6.107371999999941,
              "hz": 8808.769291606832,
              "period": 0.11352323654938035,
              "mean": 0.11352323654938035,
              "variance": 0.060483837978890995,
              "sd": 0.2459346213506569,
              "sem": 0.003705499118641096,
              "df": 4404,
              "critical": 1.96,
              "moe": 0.007262778272536548,
              "p75": 0.10358700000006138,
              "p99": 0.23407500000030268,
              "p995": 0.28235599999970873,
              "p999": 4.75371000000041,
              "sampleCount": 4405,
              "median": 0.09067200000026787
            },
            {
              "id": "1317604643_1_2",
              "name": "Narratable",
              "rank": 3,
              "rme": 6.408335696515747,
              "samples": [],
              "totalTime": 500.0305939999971,
              "min": 0.07690599999932601,
              "max": 5.661800000000767,
              "hz": 8315.491191725008,
              "period": 0.12025747811447741,
              "mean": 0.12025747811447741,
              "variance": 0.06428165274461504,
              "sd": 0.2535382668249806,
              "sem": 0.003931889233540648,
              "df": 4157,
              "critical": 1.96,
              "moe": 0.0077065028977396696,
              "p75": 0.10769499999969412,
              "p99": 0.2664259999992282,
              "p995": 0.3852520000000368,
              "p999": 4.693757000000005,
              "sampleCount": 4158,
              "median": 0.09615250000024389
            },
            {
              "id": "1317604643_1_3",
              "name": "Json",
              "rank": 1,
              "rme": 6.2918010280398144,
              "samples": [],
              "totalTime": 500.0494159999962,
              "min": 0.04587699999956385,
              "max": 5.017912000000251,
              "hz": 14062.610164112368,
              "period": 0.07111055403867977,
              "mean": 0.07111055403867977,
              "variance": 0.03664247532831995,
              "sd": 0.19142224355680285,
              "sem": 0.002282721719413501,
              "df": 7031,
              "critical": 1.96,
              "moe": 0.004474134570050462,
              "p75": 0.0617869999996401,
              "p99": 0.15327200000047014,
              "p995": 0.20186300000023039,
              "p999": 3.804411999999502,
              "sampleCount": 7032,
              "median": 0.05622700000003533
            }
          ]
        }
      ]
    }
  ]
}
