{
  "files": [
    {
      "filepath": "/home/kbroom/dev/ggallovalle/chante/packages/effext/benchmark/graphical.bench.ts",
      "groups": [
        {
          "fullName": "benchmark/graphical.bench.ts > GraphicalReportHandler benchmarks",
          "benchmarks": [
            {
              "id": "-1292182582_0_0",
              "name": "GraphicalReportHandler",
              "rank": 2,
              "rme": 11.061257291458618,
              "samples": [],
              "totalTime": 500.00719999999933,
              "min": 0.01675199999999677,
              "max": 17.864336999999978,
              "hz": 22559.675140678006,
              "period": 0.044326879432624054,
              "mean": 0.044326879432624054,
              "variance": 0.07058952551508918,
              "sd": 0.26568689375859167,
              "sem": 0.0025015868282230605,
              "df": 11279,
              "critical": 1.96,
              "moe": 0.004903110183317199,
              "p75": 0.03716000000008535,
              "p99": 0.1444339999999329,
              "p995": 0.17554299999994782,
              "p999": 3.6374590000000353,
              "sampleCount": 11280,
              "median": 0.028905000000122527
            },
            {
              "id": "-1292182582_0_1",
              "name": "OptimizedGraphicalReportHandler",
              "rank": 1,
              "rme": 11.425815110061365,
              "samples": [],
              "totalTime": 502.4658850000151,
              "min": 0.015349000000014712,
              "max": 25.352190999999948,
              "hz": 32511.659970705296,
              "period": 0.03075819570274333,
              "mean": 0.03075819570274333,
              "variance": 0.052520599895609386,
              "sd": 0.22917373299662722,
              "sem": 0.0017930482511154557,
              "df": 16335,
              "critical": 1.96,
              "moe": 0.003514374572186293,
              "p75": 0.026749999999992724,
              "p99": 0.09550100000001294,
              "p995": 0.11552899999992405,
              "p999": 0.3406480000001011,
              "sampleCount": 16336,
              "median": 0.022592999999915264
            }
          ]
        }
      ]
    }
  ]
}
