{
  "files": [
    {
      "filepath": "/home/kbroom/dev/ggallovalle/chante/packages/effext/benchmark/graphical.bench.ts",
      "groups": [
        {
          "fullName": "benchmark/graphical.bench.ts > GraphicalReportHandler benchmarks",
          "benchmarks": [
            {
              "id": "-1292182582_0_0",
              "name": "GraphicalReportHandler",
              "rank": 2,
              "rme": 7.302972198496224,
              "samples": [],
              "totalTime": 500.0551029999897,
              "min": 0.0226430000000164,
              "max": 7.595824999999877,
              "hz": 17540.066979378833,
              "period": 0.05701232504845396,
              "mean": 0.05701232504845396,
              "variance": 0.03957981574109026,
              "sd": 0.198946766098598,
              "sem": 0.0021242827795943326,
              "df": 8770,
              "critical": 1.96,
              "moe": 0.004163594248004891,
              "p75": 0.05625699999995959,
              "p99": 0.18220599999995102,
              "p995": 0.22776300000009542,
              "p999": 4.051467000000002,
              "sampleCount": 8771,
              "median": 0.038022000000069056
            },
            {
              "id": "-1292182582_0_1",
              "name": "OptimizedGraphicalReportHandler",
              "rank": 1,
              "rme": 6.789182761383045,
              "samples": [],
              "totalTime": 503.9793869999969,
              "min": 0.01672099999996135,
              "max": 7.190246999999999,
              "hz": 27675.735079220784,
              "period": 0.03613273494407778,
              "mean": 0.03613273494407778,
              "variance": 0.021849246589854758,
              "sd": 0.14781490652114473,
              "sem": 0.0012515905163467125,
              "df": 13947,
              "critical": 1.96,
              "moe": 0.0024531174120395564,
              "p75": 0.03226100000006227,
              "p99": 0.11890599999992446,
              "p995": 0.14881299999979092,
              "p999": 0.5276029999999992,
              "sampleCount": 13948,
              "median": 0.025619000000006054
            }
          ]
        }
      ]
    }
  ]
}
