{
  "files": [
    {
      "filepath": "/home/kbroom/dev/ggallovalle/chante/packages/effext/benchmark/graphical.bench.ts",
      "groups": [
        {
          "fullName": "benchmark/graphical.bench.ts > GraphicalReportHandler benchmarks",
          "benchmarks": [
            {
              "id": "-1292182582_0_0",
              "name": "GraphicalReportHandler",
              "rank": 2,
              "rme": 6.957022109790627,
              "samples": [],
              "totalTime": 500.07270600000095,
              "min": 0.0226430000000164,
              "max": 10.79732100000001,
              "hz": 17003.5274830616,
              "period": 0.058811326120192985,
              "mean": 0.058811326120192985,
              "variance": 0.03705345830078821,
              "sd": 0.19249274869664107,
              "sem": 0.0020875086536953553,
              "df": 8502,
              "critical": 1.96,
              "moe": 0.004091516961242896,
              "p75": 0.056496999999808395,
              "p99": 0.21290399999998044,
              "p995": 0.2586110000002009,
              "p999": 4.263218000000052,
              "sampleCount": 8503,
              "median": 0.03827300000011746
            },
            {
              "id": "-1292182582_0_1",
              "name": "OptimizedGraphicalReportHandler",
              "rank": 1,
              "rme": 5.9035157405622805,
              "samples": [],
              "totalTime": 500.02782499998307,
              "min": 0.018965999999863925,
              "max": 5.491848000000118,
              "hz": 23832.67371170875,
              "period": 0.041959203239068814,
              "mean": 0.041959203239068814,
              "variance": 0.01903402841532789,
              "sd": 0.1379638663394437,
              "sem": 0.0012638102897106866,
              "df": 11916,
              "critical": 1.96,
              "moe": 0.0024770681678329457,
              "p75": 0.039594999999962965,
              "p99": 0.14589700000010453,
              "p995": 0.17266799999993054,
              "p999": 0.41932699999983924,
              "sampleCount": 11917,
              "median": 0.030598000000054526
            }
          ]
        }
      ]
    }
  ]
}